unique_id,answer
1,4
2,"x \in [-2,7]"
3,\frac{11}{2}
4,3
5,\frac{243}{625}
6,"(-\sqrt{3}, \sqrt{3})"
7,23
8,0
9,6+9i
10,4
11,17
12,129
13,1
14,1
15,6
16,\frac{3}{2}
17,\frac{\sqrt{3}}{3}
18,11
19,4
20,9
21,66
22,600
23,256
24,\text{Evelyn}
25,2
26,-120
27,\frac{\sqrt{3}}{3}
28,1
29,6r^2-4r-24
30,3
31,10
32,11
33,8
34,2\sqrt{5}
35,143
36,5
37,49
38,3
39,13
40,-1
41,1600
42,9
43,1
44,3\sqrt{13}
45,"(-\infty, 2) \cup (3, \infty)"
46,x^3+3x-6
47,13
48,81
49,14
50,56
51,2
52,11
53,3
54,x=5
55,7
56,4
57,-3
58,8
59,3
60,\frac{3\sqrt{3}}{4}
61,\frac9{19}
62,1+2i
63,0
64,10
65,2000
66,10
67,8
68,8
69,137 \frac{1}{2}
70,10
71,"\left(\frac{3}{5},\frac{8}{3}\right]"
72,2
73,-\frac{35}{9}
74,10
75,2107
76,\frac{14}{3}
77,26000
78,8000
79,"\$32,\!348"
80,5r^5
81,\frac{3}{2}
82,\frac{11+9a}{20}
83,29
84,12
85,20
86,\$18.90
87,47
88,\frac{2}{3}
89,1736
90,5
91,7
92,2
93,-128
94,25
95,65
96,\frac{13}{6}
97,\frac 34
98,4005
99,81
100,1
101,3.21
102,4
103,36
104,45
105,4
106,16
107,9901
108,6
109,11
110,-2
111,41
112,12
113,350
114,18
115,12
116,-2
117,"(-1,6)"
118,33
119,2
120,-1
121,2
122,\frac{11}{2}
123,-4
124,11
125,4
126,29
127,28
128,480
129,1260
130,\frac{11}{36}
131,4495
132,-125
133,720
134,\frac14
135,28800
136,19
137,\frac{1}{2}
138,6
139,13
140,1940
141,\frac{2}{21}
142,10080
143,210
144,63
145,\frac{1}{2}
146,12
147,\frac{448}{15625}
148,28
149,\frac{1}{3}
150,"10,\!080"
151,\frac{13}{18}
152,144
153,225
154,3
155,\frac{1}{2}
156,"58,500"
157,3
158,110
159,\frac{1}{4}
160,\frac{1}{3}
161,540
162,6
163,31
164,63
165,"(2,4)"
166,\frac{3840}{289}
167,8
168,2
169,145^\circ
170,30
171,180^\circ
172,16
173,5
174,3
175,8
176,76^\circ
177,\sqrt{5}
178,28
179,3
180,120
181,864 \mbox{ inches}^2
182,216
183,15
184,"(8,-2)"
185,54
186,\frac{7}{2}
187,106^\circ
188,17
189,30^\circ
190,18+2\pi
191,160
192,1+2\sqrt{3}
193,4
194,\frac{\sqrt{21}}{5}
195,12
196,\frac{14}{3}
197,1\frac{4}{5}
198,6\sqrt{2}
199,90^\circ
200,2\sqrt{113}
201,-\frac{24}{25}
202,28
203,72
204,3
205,10
206,50
207,2
208,1+274i
209,"-2,1"
210,\frac{20000}{\pi}
211,\frac{10}{11}
212,16
213,1
214,100
215,16
216,15
217,\frac{3}{56}
218,64
219,-13x+3
220,x^5 - x^4 + x^3 - x^2 + x - 1
221,\frac{5}{13}
222,-256
223,\frac{2}{1005}
224,\text{even}
225,16
226,-50
227,14
228,\frac{1997}{2}
229,15
230,"1,-2"
231,16 \sqrt{3}
232,6
233,-2
234,\frac65
235,440
236,4
237,70 \sqrt{2}
238,331
239,8n^2 + 4n + 1
240,22
241,-1
242,0
243,6
244,12
245,2k
246,5
247,27648
248,"(5,\infty)"
249,15
250,-\frac{3}{8}
251,2 \sqrt{5}
252,\frac{13}{4}
253,"(2,\infty)"
254,34
255,501
256,-5
257,2
258,\frac{1}{4}
259,"(2,12) \cup (12,102)"
260,x^8 + x^7 + x^6 + x^5 + x^4 + x^3 + x^2 + x + 1
261,"(0,9) \cup (9,36)"
262,p - q
263,"\{1\pm\sqrt{5},-2\}"
264,64
265,2
266,-1
267,406
268,0
269,\frac{1}{4}
270,81
271,10
272,22
273,504
274,40
275,"3, 5, 7"
276,(a+5)(b+2)
277,9
278,"(-2,1)"
279,\frac43
280,"(3,4]"
281,850
282,24
283,13535
284,0
285,1 \pm \sqrt{19}
286,"(1,-16,-4,43)"
287,3
288,\text{(B)}
289,3
290,9
291,\text{ellipse}
292,2
293,898
294,17
295,"(6,31,-1)"
296,\frac{17}{21}
297,1
298,16
299,\frac{16}{5}
300,3
301,44
302,1440
303,2220
304,203
305,17
306,4
307,202
308,2
309,103
310,6
311,1
312,204_5
313,8
314,64
315,0
316,66
317,13
318,14
319,14
320,2
321,16
322,2
323,4
324,0
325,21
326,4343_6
327,.35625
328,"11,\! 111,\! 111,\! 100"
329,25
330,23
331,\frac{639}{40}
332,40_9
333,1
334,3
335,58
336,27
337,2516_8
338,18
339,1030
340,9
341,.0000672
342,2
343,3
344,36
345,333
346,59
347,4
348,255
349,121
350,284
351,13
352,9
353,8
354,6
355,4210_{5}
356,52_8
357,900
358,3
359,9
360,3
361,49
362,7
363,\frac{270}7\text{ degrees}
364,5.4 \text{ cents}
365,\text{east}
366,60
367,15\mbox{ cm}^2
368,64
369,4
370,21
371,\$36
372,60
373,10
374,2
375,5
376,8
377,200
378,\frac{13}{15}
379,9
380,15x - 80
381,11\sqrt2
382,4
383,4
384,\frac{4}{9}
385,83
386,12\pi
387,6
388,\frac{1}{8}
389,7\pi
390,\frac 59
391,5
392,1.25
393,60
394,42
395,32
396,80
397,\dfrac{17}{50}
398,4
399,6
400,-9
401,\dfrac{33}{100}
402,3
403,1
404,\frac{3}{2}
405,326.5
406,1
407,29
408,120
409,\sqrt{53}
410,78
411,12
412,17
413,3
414,2
415,1251
416,2k+2
417,7
418,\frac{16}{27}
419,4
420,\text{Navin}
421,\frac{8}{21}
422,4.5
423,550
424,90
425,22
426,40
427,36^\circ
428,240
429,10
430,5
431,6
432,0.15
433,2
434,6
435,41
436,84
437,116
438,75^\circ
439,12
440,12
441,10
442,23
443,1250
444,9
445,288 \pi
446,\frac{8}{15}
447,-\frac{\pi}{6}
448,3R^2
449,\frac{35}{64}
450,30^\circ
451,7
452,\pi
453,11
454,27
455,1
456,11 \sqrt{5} + 11
457,-41
458,1 - 12i
459,\begin{pmatrix} -1/3 \\ 2/3 \\ 5/3 \end{pmatrix}
460,\sqrt{51}
461,46
462,\begin{pmatrix} -7 \\ 16 \\ 5 \end{pmatrix}
463,\frac{9}{256}
464,\cot x
465,\begin{pmatrix} -2 \\ -14 \\ -7 \end{pmatrix}
466,6
467,y = 2x + 3
468,-4
469,y = -2x
470,\begin{pmatrix} 1/5 \\ -18/5 \end{pmatrix}
471,"(15,-29)"
472,120^\circ
473,30^\circ
474,\text{(E)}
475,3 \sqrt{5}
476,"\left[ \frac{\pi^2}{8}, \frac{5 \pi^2}{4} \right]"
477,"\left( \frac{3}{2}, -13 \right)"
478,120^\circ
479,\begin{pmatrix} 16/49 \\ 48/49 \\ 24/49 \end{pmatrix}
480,5x - 7y + 11z + 4 = 0
481,4
482,\frac{1}{8}
483,"(-\infty, 0]"
484,-\sqrt{3}
485,8 \pi
486,\frac{9}{100}
487,3 \pm 2 \sqrt{2}
488,-2 + 7i
489,55^\circ
490,"\left( 3, \frac{\pi}{2} \right)"
491,\text{(C)}
492,\frac{1}{16}
493,\begin{pmatrix} -18 \\ -49 \\ 96 \end{pmatrix}
494,\sqrt{66}
495,\begin{pmatrix} -1 & 0 \\ 0 & -1 \end{pmatrix}
496,90^\circ
497,\frac{7}{4}
498,144
499,12
500,6 - 5i
